<?xml version="1.0" encoding="UTF-8" standalone="yes"?>
<addon id="script.module.idna" name="idna" version="3.10" provider-name="Kim Davies, mkendo">
  <requires>
    <import addon="xbmc.python" version="3.0.0"/>
  </requires>
  <extension point="xbmc.python.module" library="lib" />
  <extension point="xbmc.addon.metadata">
    <summary lang="en_GB">Internationalized Domain Names for Python</summary>
    <description lang="en_GB">Internationalized Domain Names for Python</description>
    <license>BSD-3-Clause</license>
    <platform>all</platform>
    <website>https://github.com/kjd/idna</website>
    <source>https://github.com/kjd/idna</source>
    <assets>
      <icon>resources/icon.png</icon>
    </assets>
  </extension>
</addon>
