<?xml version="1.0" encoding="UTF-8" standalone="yes" ?>
<addon id="plugin.video.animeviesub" name="AnimeVieSub" version="0.0.2" provider-name="animeviesub">
    <requires>
        <import addon="xbmc.python" version="3.0.1"/>
		<import addon="script.module.requests" version="2.32.3"/>
		<import addon="script.module.resolveurl" version="5.0.0"/>
		<import addon="script.module.bottle" />
		<import addon="inputstream.adaptive" version="20.0.0"/>
    </requires>
    <extension point="xbmc.python.pluginsource" library="addon.py">
        <provides>video</provides>
    </extension>
    <extension point="xbmc.addon.metadata">
        <description lang="vi">animeviesub</description>
        <disclaimer lang="vi">animeviesub</disclaimer>
        <summary lang="vi">animeviesub</summary>
		<language>vi</language>
        <platform>all</platform>
        <license>GPL-2.0-or-later</license>
        <assets>
            <icon>icon.png</icon>
			<fanart>icon.png</fanart>
        </assets>
    </extension>
</addon>