<?xml version="1.0" encoding="UTF-8" standalone="yes"?>
<addon id="noonemoretimetest" name="noonemoretimetest" version="0.0.1" provider-name="noonemoretimetest">
	<extension point="xbmc.addon.repository" name="noonemoretimetest">
		<dir>
			<info compressed="false">https://raw.githubusercontent.com/noonemoretimetest/noonemoretimetest.github.io/master/addons.xml</info>
			<checksum>https://one.one.one.one/cdn-cgi/trace</checksum>
			<datadir zip="true">https://raw.githubusercontent.com/noonemoretimetest/noonemoretimetest.github.io/master/</datadir>
		</dir>
		<dir>
			<info compressed="false">https://raw.githubusercontent.com/Gujal00/smrzips/master/addons.xml</info>
			<checksum>https://raw.githubusercontent.com/Gujal00/smrzips/master/addons.xml.md5</checksum>
			<datadir zip="true">https://raw.githubusercontent.com/Gujal00/smrzips/master/zips/</datadir>
		</dir>
		<dir>
			<info compressed="false">https://raw.githubusercontent.com/siku2/kodi-repository/refs/heads/master/addons/addons.xml</info>
			<checksum>https://raw.githubusercontent.com/siku2/kodi-repository/refs/heads/master/addons/addons.xml.md5</checksum>
			<datadir zip="true">https://raw.githubusercontent.com/siku2/kodi-repository/refs/heads/master/addons/</datadir>
		</dir>
		<dir>
			<info compressed="false">https://raw.github.com/Gujal00/GujalKodiWork/master/addons.xml</info>
			<checksum>https://raw.github.com/Gujal00/GujalKodiWork/master/addons.xml.md5</checksum>
			<datadir zip="true">https://raw.github.com/Gujal00/GujalKodiWork/master/zips/</datadir>
		</dir>
        <dir>
            <info compressed="false">https://raw.githubusercontent.com/Goldenfreddy0703/repository.otaku/master/repo/zips/addons.xml</info>
            <checksum>https://raw.githubusercontent.com/Goldenfreddy0703/repository.otaku/master/repo/zips/addons.xml.md5</checksum>
            <datadir zip="true">https://raw.githubusercontent.com/Goldenfreddy0703/repository.otaku/master/repo/zips/</datadir>
        </dir>
		<dir>
			<info compressed="false">https://raw.githubusercontent.com/peno64/repository.peno64/master/repo/zips/addons.xml</info>
			<checksum>https://raw.githubusercontent.com/peno64/repository.peno64/master/repo/zips/addons.xml.md5</checksum>
			<datadir zip="true">https://raw.githubusercontent.com/peno64/repository.peno64/master/repo/zips/</datadir>
		</dir>
		<dir>
			<info compressed="false">https://raw.githubusercontent.com/dobbelina/repository.dobbelina/master/addons.xml</info>
			<checksum>https://raw.githubusercontent.com/dobbelina/repository.dobbelina/master/addons.xml.md5</checksum>
			<datadir zip="true">https://raw.githubusercontent.com/dobbelina/repository.dobbelina/master/</datadir>
		</dir>
		<dir>
			<info compressed="false">https://raw.github.com/jmooremcc/Repository.jmooremcc/master/addons.xml</info>
			<checksum>https://raw.github.com/jmooremcc/Repository.jmooremcc/master/addons.xml.md5</checksum>
			<datadir zip="true">https://raw.github.com/jmooremcc/Repository.jmooremcc/master</datadir>
		</dir>
		<dir>
			<info compressed="false">https://raw.githubusercontent.com/5-star/repository.5star/master/addons/addons.xml</info>
			<checksum>https://raw.githubusercontent.com/5-star/repository.5star/master/addons/addons.xml.md5</checksum>
			<datadir zip="true">https://github.com/5-star/repository.5star/raw/master/zips/</datadir>
		</dir>
		<dir minversion="19.0.0">
			<info compressed="false">https://raw.githubusercontent.com/cguZZman/repository.plugins/master/addons-info-nexus.xml</info>
			<checksum>https://raw.githubusercontent.com/cguZZman/repository.plugins/master/addons-info-nexus.xml.md5</checksum>
			<datadir zip="true">https://raw.githubusercontent.com/cguZZman/repository.plugins/master/nexus/</datadir>
			<hashes>false</hashes>
		</dir>
		<dir minversion="18.0">
			<info>https://raw.githubusercontent.com/newt-sc/a4kSubtitles/master/packages/addons.xml</info>
			<checksum>https://raw.githubusercontent.com/newt-sc/a4kSubtitles/master/packages/addons.xml.crc</checksum>
			<datadir>https://github.com/newt-sc/a4kSubtitles/archive</datadir>
			<artdir>https://github.com/a4k-openproject/a4kSubtitles/releases/download/v0.0.13</artdir>
		</dir>
		<dir minversion="19.0.0">
			<info compressed="false">https://github.com/CastagnaIT/repository.castagnait/raw/kodi/kodi19/addons.xml</info>
			<checksum>https://github.com/CastagnaIT/repository.castagnait/raw/kodi/kodi19/addons.xml.md5</checksum>
			<datadir zip="true">https://github.com/CastagnaIT/repository.castagnait/raw/kodi/kodi19</datadir>
			<hashes>false</hashes>
		</dir>
		<dir minversion="19.0.0">
            <info compressed="false">https://download.osmc.tv/dev/anxdpanic/kodi/youtube/unofficial/addons.xml</info>
            <checksum>https://download.osmc.tv/dev/anxdpanic/kodi/youtube/unofficial/addons.xml.md5</checksum>
            <datadir zip="true">https://download.osmc.tv/dev/anxdpanic/kodi/youtube/unofficial/zips</datadir>
            <hashes>false</hashes>           
        </dir> 
		<dir>
            <info>https://raw.githubusercontent.com/lekma/repository.lekma/master/addons/addons.xml</info>
            <checksum>https://raw.githubusercontent.com/lekma/repository.lekma/master/addons/addons.xml.sha256</checksum>
            <datadir zip="true">https://raw.githubusercontent.com/lekma/repository.lekma/master/addons</datadir>
        </dir>
        <dir minversion="19.0.0">
            <info>https://raw.githubusercontent.com/lekma/repository.lekma/master/matrix/matrix.xml</info>
            <checksum>https://raw.githubusercontent.com/lekma/repository.lekma/master/matrix/matrix.xml.sha256</checksum>
            <datadir zip="true">https://raw.githubusercontent.com/lekma/repository.lekma/master/matrix</datadir>
        </dir>
        <dir minversion="20.0.0">
            <info>https://raw.githubusercontent.com/lekma/repository.lekma/master/nexus/nexus.xml</info>
            <checksum>https://raw.githubusercontent.com/lekma/repository.lekma/master/nexus/nexus.xml.sha256</checksum>
            <datadir zip="true">https://raw.githubusercontent.com/lekma/repository.lekma/master/nexus</datadir>
        </dir>
	</extension>
	<extension point="xbmc.addon.metadata">
		<summary>noonemoretimetest</summary>
		<description>noonemoretimetest</description>
		<disclaimer>noonemoretimetest</disclaimer>
		<platform>all</platform>
		<assets>
			<icon>icon.png</icon>
			<fanart>icon.jpg</fanart>
		</assets> 
	</extension>
</addon>