<?xml version="1.0" encoding="UTF-8" standalone="yes"?>
<addon id="script.module.certifi" name="certifi" version="2025.8.3" provider-name="Certifi, mkendo">
  <requires>
    <import addon="xbmc.python" version="3.0.0"/>
  </requires>
  <extension point="xbmc.python.module" library="lib" />
  <extension point="xbmc.addon.metadata">
    <reuselanguageinvoker>true</reuselanguageinvoker>
    <summary lang="en_GB">Python package for providing Mozilla's CA Bundle.</summary>
    <description lang="en_GB">Certifi is a carefully curated collection of Root Certificates for validating the trustworthiness of SSL certificates while verifying the identity of TLS hosts. It has been extracted from the Requests project.</description>
    <license>MPL-2.0</license>
    <source>https://github.com/certifi/python-certifi</source>
    <assets>
      <icon>resources/icon.png</icon>
    </assets>
  </extension>
</addon>
