<?xml version="1.0" encoding="UTF-8" standalone="yes"?>
<addon id="script.module.six" name="six" version="1.17.0" provider-name="Benjamin Peterson">
  <requires>
    <import addon="xbmc.python" version="3.0.0" />
  </requires>
  <extension point="xbmc.python.module" library="lib" />
  <extension point="xbmc.addon.metadata">
    <summary lang="en_GB">Python 2 and 3 compatibility utilities</summary>
    <description lang="en_GB">Python 2 and 3 compatibility utilities</description>
    <license>MIT</license>
    <platform>all</platform>
    <website>https://github.com/benjaminp/six</website>
    <source>https://github.com/benjaminp/six</source>
    <assets>
      <icon>resources/icon.png</icon>
    </assets>
  </extension>
</addon>
